ID,Target
0,TVProgram-Play
1,HomeAppliance-Control
2,Audio-Play
3,Alarm-Update
4,HomeAppliance-Control
5,FilmTele-Play
6,FilmTele-Play
7,FilmTele-Play
8,Calendar-Query
9,Video-Play
10,Alarm-Update
11,Music-Play
12,Travel-Query
13,Radio-Listen
14,Radio-Listen
15,Alarm-Update
16,Video-Play
17,Weather-Query
18,Weather-Query
19,FilmTele-Play
20,Video-Play
21,FilmTele-Play
22,Weather-Query
23,Weather-Query
24,FilmTele-Play
25,Music-Play
26,Video-Play
27,Video-Play
28,FilmTele-Play
29,Alarm-Update
30,FilmTele-Play
31,Music-Play
32,Radio-Listen
33,Video-Play
34,Radio-Listen
35,Video-Play
36,Video-Play
37,Video-Play
38,FilmTele-Play
39,Video-Play
40,Weather-Query
41,Radio-Listen
42,HomeAppliance-Control
43,Music-Play
44,Video-Play
45,Calendar-Query
46,Alarm-Update
47,FilmTele-Play
48,Travel-Query
49,Calendar-Query
50,Travel-Query
51,FilmTele-Play
52,Weather-Query
53,Audio-Play
54,Radio-Listen
55,Calendar-Query
56,Alarm-Update
57,Travel-Query
58,Music-Play
59,Alarm-Update
60,Weather-Query
61,FilmTele-Play
62,Audio-Play
63,Video-Play
64,Video-Play
65,Radio-Listen
66,TVProgram-Play
67,Other
68,Video-Play
69,FilmTele-Play
70,Music-Play
71,Calendar-Query
72,Weather-Query
73,Radio-Listen
74,Weather-Query
75,Audio-Play
76,Video-Play
77,Travel-Query
78,Video-Play
79,Alarm-Update
80,FilmTele-Play
81,Travel-Query
82,Music-Play
83,HomeAppliance-Control
84,FilmTele-Play
85,Video-Play
86,Travel-Query
87,Calendar-Query
88,Music-Play
89,Music-Play
90,Travel-Query
91,Alarm-Update
92,FilmTele-Play
93,Video-Play
94,Music-Play
95,Weather-Query
96,Calendar-Query
97,TVProgram-Play
98,Audio-Play
99,Radio-Listen
100,HomeAppliance-Control
101,Video-Play
102,Music-Play
103,Video-Play
104,Audio-Play
105,Alarm-Update
106,Weather-Query
107,Radio-Listen
108,Weather-Query
109,Weather-Query
110,Audio-Play
111,Audio-Play
112,HomeAppliance-Control
113,Alarm-Update
114,HomeAppliance-Control
115,FilmTele-Play
116,FilmTele-Play
117,TVProgram-Play
118,Calendar-Query
119,Video-Play
120,FilmTele-Play
121,Alarm-Update
122,Calendar-Query
123,Music-Play
124,TVProgram-Play
125,HomeAppliance-Control
126,Travel-Query
127,Audio-Play
128,Alarm-Update
129,FilmTele-Play
130,Calendar-Query
131,Video-Play
132,Music-Play
133,Video-Play
134,Video-Play
135,Video-Play
136,Weather-Query
137,Music-Play
138,Music-Play
139,FilmTele-Play
140,Travel-Query
141,Video-Play
142,Music-Play
143,Alarm-Update
144,TVProgram-Play
145,Calendar-Query
146,HomeAppliance-Control
147,FilmTele-Play
148,FilmTele-Play
149,Alarm-Update
150,FilmTele-Play
151,FilmTele-Play
152,FilmTele-Play
153,HomeAppliance-Control
154,Radio-Listen
155,Calendar-Query
156,Video-Play
157,Video-Play
158,FilmTele-Play
159,Video-Play
160,Radio-Listen
161,Alarm-Update
162,HomeAppliance-Control
163,Audio-Play
164,HomeAppliance-Control
165,Radio-Listen
166,FilmTele-Play
167,Music-Play
168,Travel-Query
169,Calendar-Query
170,Alarm-Update
171,HomeAppliance-Control
172,FilmTele-Play
173,Alarm-Update
174,Alarm-Update
175,Weather-Query
176,Calendar-Query
177,HomeAppliance-Control
178,Alarm-Update
179,Video-Play
180,Calendar-Query
181,Alarm-Update
182,Alarm-Update
183,Music-Play
184,Audio-Play
185,HomeAppliance-Control
186,Weather-Query
187,Audio-Play
188,Music-Play
189,Calendar-Query
190,FilmTele-Play
191,Video-Play
192,Weather-Query
193,TVProgram-Play
194,Calendar-Query
195,Weather-Query
196,Music-Play
197,FilmTele-Play
198,HomeAppliance-Control
199,Calendar-Query
200,TVProgram-Play
201,FilmTele-Play
202,Radio-Listen
203,FilmTele-Play
204,Travel-Query
205,FilmTele-Play
206,FilmTele-Play
207,Video-Play
208,FilmTele-Play
209,Calendar-Query
210,Alarm-Update
211,Radio-Listen
212,Music-Play
213,HomeAppliance-Control
214,Radio-Listen
215,Travel-Query
216,HomeAppliance-Control
217,Music-Play
218,Alarm-Update
219,FilmTele-Play
220,Weather-Query
221,Travel-Query
222,Radio-Listen
223,Music-Play
224,Calendar-Query
225,FilmTele-Play
226,Travel-Query
227,Radio-Listen
228,Music-Play
229,TVProgram-Play
230,Video-Play
231,Travel-Query
232,Travel-Query
233,Radio-Listen
234,Alarm-Update
235,FilmTele-Play
236,FilmTele-Play
237,Radio-Listen
238,Alarm-Update
239,Radio-Listen
240,Alarm-Update
241,FilmTele-Play
242,Weather-Query
243,Video-Play
244,Video-Play
245,FilmTele-Play
246,Video-Play
247,FilmTele-Play
248,TVProgram-Play
249,Audio-Play
250,FilmTele-Play
251,Alarm-Update
252,Alarm-Update
253,Travel-Query
254,Radio-Listen
255,FilmTele-Play
256,TVProgram-Play
257,Alarm-Update
258,Alarm-Update
259,Video-Play
260,Travel-Query
261,FilmTele-Play
262,Video-Play
263,FilmTele-Play
264,FilmTele-Play
265,Video-Play
266,FilmTele-Play
267,Audio-Play
268,HomeAppliance-Control
269,Weather-Query
270,Alarm-Update
271,Video-Play
272,Radio-Listen
273,Travel-Query
274,Audio-Play
275,HomeAppliance-Control
276,HomeAppliance-Control
277,TVProgram-Play
278,Alarm-Update
279,FilmTele-Play
280,Music-Play
281,FilmTele-Play
282,Travel-Query
283,Music-Play
284,Weather-Query
285,FilmTele-Play
286,Music-Play
287,Music-Play
288,Travel-Query
289,Weather-Query
290,TVProgram-Play
291,Alarm-Update
292,Music-Play
293,Video-Play
294,FilmTele-Play
295,Calendar-Query
296,Video-Play
297,Video-Play
298,Radio-Listen
299,HomeAppliance-Control
300,Radio-Listen
301,Weather-Query
302,Radio-Listen
303,FilmTele-Play
304,Alarm-Update
305,FilmTele-Play
306,Travel-Query
307,Travel-Query
308,FilmTele-Play
309,Video-Play
310,Radio-Listen
311,Weather-Query
312,Music-Play
313,Video-Play
314,Calendar-Query
315,Weather-Query
316,FilmTele-Play
317,Calendar-Query
318,Travel-Query
319,TVProgram-Play
320,Audio-Play
321,TVProgram-Play
322,Calendar-Query
323,Audio-Play
324,HomeAppliance-Control
325,FilmTele-Play
326,HomeAppliance-Control
327,FilmTele-Play
328,HomeAppliance-Control
329,Weather-Query
330,Radio-Listen
331,FilmTele-Play
332,Weather-Query
333,FilmTele-Play
334,HomeAppliance-Control
335,Music-Play
336,HomeAppliance-Control
337,Video-Play
338,FilmTele-Play
339,FilmTele-Play
340,Radio-Listen
341,Video-Play
342,Radio-Listen
343,Radio-Listen
344,Calendar-Query
345,HomeAppliance-Control
346,FilmTele-Play
347,HomeAppliance-Control
348,Calendar-Query
349,Radio-Listen
350,HomeAppliance-Control
351,FilmTele-Play
352,Radio-Listen
353,Audio-Play
354,Alarm-Update
355,Weather-Query
356,HomeAppliance-Control
357,Video-Play
358,FilmTele-Play
359,Calendar-Query
360,Radio-Listen
361,FilmTele-Play
362,Travel-Query
363,Radio-Listen
364,Video-Play
365,FilmTele-Play
366,Radio-Listen
367,FilmTele-Play
368,Radio-Listen
369,Audio-Play
370,Weather-Query
371,Radio-Listen
372,Video-Play
373,Radio-Listen
374,FilmTele-Play
375,Video-Play
376,HomeAppliance-Control
377,FilmTele-Play
378,Weather-Query
379,Travel-Query
380,Travel-Query
381,Radio-Listen
382,Travel-Query
383,HomeAppliance-Control
384,Music-Play
385,FilmTele-Play
386,Weather-Query
387,FilmTele-Play
388,Radio-Listen
389,Audio-Play
390,Audio-Play
391,Travel-Query
392,Audio-Play
393,Alarm-Update
394,TVProgram-Play
395,Audio-Play
396,FilmTele-Play
397,Calendar-Query
398,Weather-Query
399,FilmTele-Play
400,Audio-Play
401,HomeAppliance-Control
402,Music-Play
403,Alarm-Update
404,Radio-Listen
405,Video-Play
406,Music-Play
407,Video-Play
408,Calendar-Query
409,Travel-Query
410,Music-Play
411,Music-Play
412,Video-Play
413,Calendar-Query
414,Calendar-Query
415,Alarm-Update
416,Alarm-Update
417,Alarm-Update
418,Radio-Listen
419,Audio-Play
420,Music-Play
421,TVProgram-Play
422,Calendar-Query
423,Video-Play
424,Radio-Listen
425,Travel-Query
426,Radio-Listen
427,Radio-Listen
428,Music-Play
429,TVProgram-Play
430,Alarm-Update
431,FilmTele-Play
432,Travel-Query
433,HomeAppliance-Control
434,Music-Play
435,Video-Play
436,Calendar-Query
437,Weather-Query
438,Alarm-Update
439,Calendar-Query
440,Music-Play
441,FilmTele-Play
442,Other
443,Alarm-Update
444,Weather-Query
445,Video-Play
446,Alarm-Update
447,HomeAppliance-Control
448,Audio-Play
449,FilmTele-Play
450,FilmTele-Play
451,Travel-Query
452,Radio-Listen
453,Alarm-Update
454,TVProgram-Play
455,TVProgram-Play
456,Weather-Query
457,Radio-Listen
458,FilmTele-Play
459,Travel-Query
460,Travel-Query
461,FilmTele-Play
462,Weather-Query
463,Music-Play
464,Weather-Query
465,Video-Play
466,FilmTele-Play
467,Video-Play
468,Video-Play
469,FilmTele-Play
470,FilmTele-Play
471,Calendar-Query
472,Video-Play
473,Alarm-Update
474,Alarm-Update
475,Video-Play
476,Music-Play
477,Music-Play
478,Audio-Play
479,FilmTele-Play
480,Travel-Query
481,TVProgram-Play
482,FilmTele-Play
483,HomeAppliance-Control
484,HomeAppliance-Control
485,Video-Play
486,FilmTele-Play
487,FilmTele-Play
488,Travel-Query
489,FilmTele-Play
490,Alarm-Update
491,FilmTele-Play
492,Alarm-Update
493,Calendar-Query
494,TVProgram-Play
495,Music-Play
496,Alarm-Update
497,FilmTele-Play
498,Video-Play
499,Video-Play
500,Radio-Listen
501,Weather-Query
502,FilmTele-Play
503,FilmTele-Play
504,FilmTele-Play
505,Travel-Query
506,Music-Play
507,TVProgram-Play
508,Music-Play
509,FilmTele-Play
510,Travel-Query
511,Music-Play
512,Radio-Listen
513,Video-Play
514,HomeAppliance-Control
515,Audio-Play
516,Weather-Query
517,Other
518,Video-Play
519,Radio-Listen
520,Audio-Play
521,FilmTele-Play
522,Radio-Listen
523,FilmTele-Play
524,Weather-Query
525,Alarm-Update
526,Video-Play
527,HomeAppliance-Control
528,FilmTele-Play
529,Calendar-Query
530,Audio-Play
531,Weather-Query
532,Audio-Play
533,Travel-Query
534,Video-Play
535,Video-Play
536,HomeAppliance-Control
537,Video-Play
538,FilmTele-Play
539,Weather-Query
540,Radio-Listen
541,Video-Play
542,FilmTele-Play
543,Weather-Query
544,Audio-Play
545,Travel-Query
546,Alarm-Update
547,Radio-Listen
548,Calendar-Query
549,Video-Play
550,Other
551,Travel-Query
552,Music-Play
553,Music-Play
554,Radio-Listen
555,Video-Play
556,FilmTele-Play
557,FilmTele-Play
558,HomeAppliance-Control
559,Travel-Query
560,FilmTele-Play
561,HomeAppliance-Control
562,Alarm-Update
563,FilmTele-Play
564,Music-Play
565,HomeAppliance-Control
566,Video-Play
567,Video-Play
568,FilmTele-Play
569,Travel-Query
570,Music-Play
571,HomeAppliance-Control
572,Music-Play
573,Video-Play
574,Alarm-Update
575,Audio-Play
576,Alarm-Update
577,FilmTele-Play
578,Calendar-Query
579,HomeAppliance-Control
580,Calendar-Query
581,Music-Play
582,FilmTele-Play
583,Radio-Listen
584,TVProgram-Play
585,Radio-Listen
586,Weather-Query
587,Music-Play
588,TVProgram-Play
589,HomeAppliance-Control
590,FilmTele-Play
591,Audio-Play
592,Calendar-Query
593,Music-Play
594,Radio-Listen
595,Alarm-Update
596,FilmTele-Play
597,Video-Play
598,FilmTele-Play
599,Music-Play
600,Calendar-Query
601,FilmTele-Play
602,Alarm-Update
603,Travel-Query
604,Travel-Query
605,Weather-Query
606,Music-Play
607,FilmTele-Play
608,HomeAppliance-Control
609,FilmTele-Play
610,HomeAppliance-Control
611,FilmTele-Play
612,TVProgram-Play
613,HomeAppliance-Control
614,Calendar-Query
615,Calendar-Query
616,Video-Play
617,FilmTele-Play
618,Radio-Listen
619,Weather-Query
620,Travel-Query
621,FilmTele-Play
622,Music-Play
623,Weather-Query
624,Radio-Listen
625,FilmTele-Play
626,Video-Play
627,HomeAppliance-Control
628,FilmTele-Play
629,FilmTele-Play
630,Alarm-Update
631,FilmTele-Play
632,FilmTele-Play
633,Travel-Query
634,TVProgram-Play
635,Audio-Play
636,Weather-Query
637,FilmTele-Play
638,Audio-Play
639,Video-Play
640,Weather-Query
641,Audio-Play
642,HomeAppliance-Control
643,Travel-Query
644,Music-Play
645,HomeAppliance-Control
646,Alarm-Update
647,TVProgram-Play
648,Music-Play
649,FilmTele-Play
650,Weather-Query
651,Video-Play
652,Music-Play
653,Audio-Play
654,FilmTele-Play
655,HomeAppliance-Control
656,Music-Play
657,Radio-Listen
658,Calendar-Query
659,HomeAppliance-Control
660,TVProgram-Play
661,Radio-Listen
662,Weather-Query
663,FilmTele-Play
664,HomeAppliance-Control
665,Alarm-Update
666,FilmTele-Play
667,Radio-Listen
668,FilmTele-Play
669,HomeAppliance-Control
670,Weather-Query
671,TVProgram-Play
672,FilmTele-Play
673,Video-Play
674,Video-Play
675,Alarm-Update
676,FilmTele-Play
677,FilmTele-Play
678,FilmTele-Play
679,Alarm-Update
680,Music-Play
681,Music-Play
682,Weather-Query
683,Weather-Query
684,FilmTele-Play
685,Radio-Listen
686,Radio-Listen
687,HomeAppliance-Control
688,Music-Play
689,Video-Play
690,Calendar-Query
691,Weather-Query
692,Travel-Query
693,Calendar-Query
694,TVProgram-Play
695,Video-Play
696,Video-Play
697,FilmTele-Play
698,Travel-Query
699,FilmTele-Play
700,HomeAppliance-Control
701,Radio-Listen
702,Audio-Play
703,Music-Play
704,Video-Play
705,Travel-Query
706,Radio-Listen
707,Radio-Listen
708,HomeAppliance-Control
709,Weather-Query
710,Audio-Play
711,FilmTele-Play
712,FilmTele-Play
713,Calendar-Query
714,Weather-Query
715,Video-Play
716,Alarm-Update
717,Weather-Query
718,Travel-Query
719,Video-Play
720,Music-Play
721,HomeAppliance-Control
722,Radio-Listen
723,FilmTele-Play
724,Alarm-Update
725,HomeAppliance-Control
726,Radio-Listen
727,Weather-Query
728,Travel-Query
729,Radio-Listen
730,Radio-Listen
731,Alarm-Update
732,HomeAppliance-Control
733,Other
734,Audio-Play
735,TVProgram-Play
736,Video-Play
737,TVProgram-Play
738,Music-Play
739,Calendar-Query
740,HomeAppliance-Control
741,Video-Play
742,Radio-Listen
743,Calendar-Query
744,Music-Play
745,FilmTele-Play
746,Weather-Query
747,FilmTele-Play
748,Travel-Query
749,FilmTele-Play
750,FilmTele-Play
751,FilmTele-Play
752,Radio-Listen
753,Calendar-Query
754,Alarm-Update
755,Music-Play
756,Weather-Query
757,FilmTele-Play
758,FilmTele-Play
759,FilmTele-Play
760,Weather-Query
761,Travel-Query
762,Audio-Play
763,FilmTele-Play
764,HomeAppliance-Control
765,Video-Play
766,Music-Play
767,Radio-Listen
768,FilmTele-Play
769,TVProgram-Play
770,Music-Play
771,Calendar-Query
772,Video-Play
773,Video-Play
774,Calendar-Query
775,Weather-Query
776,Video-Play
777,Weather-Query
778,Weather-Query
779,Travel-Query
780,Weather-Query
781,FilmTele-Play
782,Audio-Play
783,Travel-Query
784,Video-Play
785,Calendar-Query
786,Radio-Listen
787,Music-Play
788,Audio-Play
789,Alarm-Update
790,Calendar-Query
791,Radio-Listen
792,FilmTele-Play
793,Calendar-Query
794,Calendar-Query
795,FilmTele-Play
796,Calendar-Query
797,Calendar-Query
798,HomeAppliance-Control
799,TVProgram-Play
800,Music-Play
801,Video-Play
802,FilmTele-Play
803,Audio-Play
804,Radio-Listen
805,Other
806,TVProgram-Play
807,Music-Play
808,Alarm-Update
809,HomeAppliance-Control
810,TVProgram-Play
811,Music-Play
812,Radio-Listen
813,FilmTele-Play
814,Music-Play
815,Video-Play
816,Calendar-Query
817,FilmTele-Play
818,Video-Play
819,FilmTele-Play
820,FilmTele-Play
821,Weather-Query
822,Radio-Listen
823,Weather-Query
824,Alarm-Update
825,FilmTele-Play
826,Weather-Query
827,Weather-Query
828,Alarm-Update
829,Music-Play
830,Video-Play
831,FilmTele-Play
832,Weather-Query
833,Weather-Query
834,Weather-Query
835,Music-Play
836,Radio-Listen
837,Travel-Query
838,Audio-Play
839,Other
840,Alarm-Update
841,Calendar-Query
842,HomeAppliance-Control
843,Music-Play
844,Calendar-Query
845,FilmTele-Play
846,HomeAppliance-Control
847,FilmTele-Play
848,Music-Play
849,FilmTele-Play
850,FilmTele-Play
851,FilmTele-Play
852,Music-Play
853,Travel-Query
854,FilmTele-Play
855,FilmTele-Play
856,TVProgram-Play
857,Music-Play
858,Music-Play
859,Radio-Listen
860,FilmTele-Play
861,Video-Play
862,Alarm-Update
863,TVProgram-Play
864,Alarm-Update
865,Video-Play
866,Music-Play
867,Music-Play
868,Radio-Listen
869,TVProgram-Play
870,TVProgram-Play
871,Music-Play
872,Travel-Query
873,FilmTele-Play
874,Calendar-Query
875,Alarm-Update
876,Radio-Listen
877,FilmTele-Play
878,Weather-Query
879,Audio-Play
880,FilmTele-Play
881,Video-Play
882,Weather-Query
883,FilmTele-Play
884,TVProgram-Play
885,TVProgram-Play
886,Weather-Query
887,HomeAppliance-Control
888,FilmTele-Play
889,Travel-Query
890,Audio-Play
891,Music-Play
892,Travel-Query
893,TVProgram-Play
894,HomeAppliance-Control
895,Radio-Listen
896,Music-Play
897,Weather-Query
898,Alarm-Update
899,FilmTele-Play
900,Music-Play
901,Alarm-Update
902,HomeAppliance-Control
903,Music-Play
904,TVProgram-Play
905,Video-Play
906,Music-Play
907,Radio-Listen
908,FilmTele-Play
909,Other
910,Alarm-Update
911,Weather-Query
912,Travel-Query
913,FilmTele-Play
914,Calendar-Query
915,HomeAppliance-Control
916,Music-Play
917,FilmTele-Play
918,FilmTele-Play
919,Travel-Query
920,Calendar-Query
921,Calendar-Query
922,Weather-Query
923,Calendar-Query
924,HomeAppliance-Control
925,Calendar-Query
926,Music-Play
927,Travel-Query
928,Travel-Query
929,Calendar-Query
930,Video-Play
931,Travel-Query
932,FilmTele-Play
933,Travel-Query
934,Calendar-Query
935,Audio-Play
936,FilmTele-Play
937,FilmTele-Play
938,FilmTele-Play
939,Travel-Query
940,FilmTele-Play
941,Travel-Query
942,FilmTele-Play
943,Video-Play
944,Video-Play
945,Weather-Query
946,HomeAppliance-Control
947,Alarm-Update
948,Audio-Play
949,Other
950,Audio-Play
951,Audio-Play
952,Radio-Listen
953,FilmTele-Play
954,Travel-Query
955,Weather-Query
956,FilmTele-Play
957,Audio-Play
958,Radio-Listen
959,FilmTele-Play
960,Radio-Listen
961,Alarm-Update
962,Music-Play
963,Music-Play
964,FilmTele-Play
965,Travel-Query
966,FilmTele-Play
967,Calendar-Query
968,Radio-Listen
969,Calendar-Query
970,Video-Play
971,Radio-Listen
972,Audio-Play
973,Weather-Query
974,Music-Play
975,Radio-Listen
976,Audio-Play
977,Calendar-Query
978,FilmTele-Play
979,FilmTele-Play
980,FilmTele-Play
981,Audio-Play
982,FilmTele-Play
983,Audio-Play
984,Calendar-Query
985,Weather-Query
986,Alarm-Update
987,Travel-Query
988,Weather-Query
989,Weather-Query
990,Calendar-Query
991,Travel-Query
992,Calendar-Query
993,HomeAppliance-Control
994,Music-Play
995,Music-Play
996,FilmTele-Play
997,Travel-Query
998,Video-Play
999,Weather-Query
1000,Calendar-Query
1001,Weather-Query
1002,Travel-Query
1003,Alarm-Update
1004,Travel-Query
1005,Radio-Listen
1006,TVProgram-Play
1007,Alarm-Update
1008,Alarm-Update
1009,Music-Play
1010,Calendar-Query
1011,Radio-Listen
1012,Music-Play
1013,Weather-Query
1014,Radio-Listen
1015,Alarm-Update
1016,Music-Play
1017,Radio-Listen
1018,HomeAppliance-Control
1019,Music-Play
1020,FilmTele-Play
1021,Music-Play
1022,Radio-Listen
1023,FilmTele-Play
1024,FilmTele-Play
1025,FilmTele-Play
1026,FilmTele-Play
1027,Alarm-Update
1028,Radio-Listen
1029,Music-Play
1030,Alarm-Update
1031,Audio-Play
1032,Alarm-Update
1033,Weather-Query
1034,Radio-Listen
1035,Travel-Query
1036,Audio-Play
1037,Music-Play
1038,Calendar-Query
1039,Music-Play
1040,Travel-Query
1041,Music-Play
1042,FilmTele-Play
1043,Audio-Play
1044,Video-Play
1045,Radio-Listen
1046,Radio-Listen
1047,Weather-Query
1048,Music-Play
1049,Radio-Listen
1050,Audio-Play
1051,TVProgram-Play
1052,Music-Play
1053,FilmTele-Play
1054,Music-Play
1055,FilmTele-Play
1056,Alarm-Update
1057,Radio-Listen
1058,FilmTele-Play
1059,HomeAppliance-Control
1060,Calendar-Query
1061,FilmTele-Play
1062,Alarm-Update
1063,Alarm-Update
1064,FilmTele-Play
1065,TVProgram-Play
1066,Weather-Query
1067,Video-Play
1068,Video-Play
1069,Radio-Listen
1070,Travel-Query
1071,Radio-Listen
1072,Video-Play
1073,Travel-Query
1074,FilmTele-Play
1075,FilmTele-Play
1076,Calendar-Query
1077,Alarm-Update
1078,FilmTele-Play
1079,FilmTele-Play
1080,Travel-Query
1081,Alarm-Update
1082,Audio-Play
1083,Alarm-Update
1084,Weather-Query
1085,Audio-Play
1086,Weather-Query
1087,Travel-Query
1088,HomeAppliance-Control
1089,Video-Play
1090,Calendar-Query
1091,Alarm-Update
1092,FilmTele-Play
1093,Music-Play
1094,Alarm-Update
1095,HomeAppliance-Control
1096,FilmTele-Play
1097,Travel-Query
1098,Calendar-Query
1099,HomeAppliance-Control
1100,Other
1101,HomeAppliance-Control
1102,Music-Play
1103,Calendar-Query
1104,HomeAppliance-Control
1105,Video-Play
1106,Alarm-Update
1107,HomeAppliance-Control
1108,Video-Play
1109,FilmTele-Play
1110,Video-Play
1111,FilmTele-Play
1112,Alarm-Update
1113,Alarm-Update
1114,Calendar-Query
1115,Calendar-Query
1116,Alarm-Update
1117,FilmTele-Play
1118,Radio-Listen
1119,HomeAppliance-Control
1120,Travel-Query
1121,HomeAppliance-Control
1122,Radio-Listen
1123,Alarm-Update
1124,FilmTele-Play
1125,Video-Play
1126,HomeAppliance-Control
1127,Travel-Query
1128,Alarm-Update
1129,Travel-Query
1130,HomeAppliance-Control
1131,Weather-Query
1132,Radio-Listen
1133,Radio-Listen
1134,Weather-Query
1135,Alarm-Update
1136,Music-Play
1137,FilmTele-Play
1138,Calendar-Query
1139,Travel-Query
1140,Audio-Play
1141,FilmTele-Play
1142,Calendar-Query
1143,HomeAppliance-Control
1144,Video-Play
1145,Weather-Query
1146,FilmTele-Play
1147,FilmTele-Play
1148,FilmTele-Play
1149,Music-Play
1150,Video-Play
1151,Music-Play
1152,HomeAppliance-Control
1153,Audio-Play
1154,Audio-Play
1155,FilmTele-Play
1156,Weather-Query
1157,Radio-Listen
1158,Video-Play
1159,FilmTele-Play
1160,Weather-Query
1161,Radio-Listen
1162,Radio-Listen
1163,Weather-Query
1164,HomeAppliance-Control
1165,Audio-Play
1166,FilmTele-Play
1167,Travel-Query
1168,Music-Play
1169,Audio-Play
1170,Alarm-Update
1171,FilmTele-Play
1172,Radio-Listen
1173,TVProgram-Play
1174,Alarm-Update
1175,Music-Play
1176,Music-Play
1177,Travel-Query
1178,Music-Play
1179,Music-Play
1180,FilmTele-Play
1181,Video-Play
1182,Audio-Play
1183,Radio-Listen
1184,Music-Play
1185,HomeAppliance-Control
1186,HomeAppliance-Control
1187,Travel-Query
1188,FilmTele-Play
1189,HomeAppliance-Control
1190,Video-Play
1191,Music-Play
1192,Radio-Listen
1193,Travel-Query
1194,HomeAppliance-Control
1195,HomeAppliance-Control
1196,Radio-Listen
1197,TVProgram-Play
1198,Alarm-Update
1199,Travel-Query
1200,Calendar-Query
1201,Radio-Listen
1202,Travel-Query
1203,FilmTele-Play
1204,Travel-Query
1205,Alarm-Update
1206,FilmTele-Play
1207,Music-Play
1208,Audio-Play
1209,HomeAppliance-Control
1210,Travel-Query
1211,FilmTele-Play
1212,FilmTele-Play
1213,HomeAppliance-Control
1214,Video-Play
1215,Radio-Listen
1216,Calendar-Query
1217,Music-Play
1218,Weather-Query
1219,FilmTele-Play
1220,Calendar-Query
1221,Music-Play
1222,TVProgram-Play
1223,TVProgram-Play
1224,Audio-Play
1225,Video-Play
1226,Radio-Listen
1227,Travel-Query
1228,Weather-Query
1229,Travel-Query
1230,Travel-Query
1231,HomeAppliance-Control
1232,Music-Play
1233,Travel-Query
1234,Other
1235,FilmTele-Play
1236,FilmTele-Play
1237,HomeAppliance-Control
1238,Other
1239,FilmTele-Play
1240,Weather-Query
1241,Weather-Query
1242,Weather-Query
1243,Calendar-Query
1244,Weather-Query
1245,Weather-Query
1246,Music-Play
1247,Music-Play
1248,Weather-Query
1249,Radio-Listen
1250,Calendar-Query
1251,Video-Play
1252,Travel-Query
1253,Radio-Listen
1254,FilmTele-Play
1255,Music-Play
1256,Weather-Query
1257,Weather-Query
1258,HomeAppliance-Control
1259,Video-Play
1260,Video-Play
1261,Weather-Query
1262,FilmTele-Play
1263,Video-Play
1264,FilmTele-Play
1265,FilmTele-Play
1266,FilmTele-Play
1267,Weather-Query
1268,Audio-Play
1269,Video-Play
1270,Video-Play
1271,Audio-Play
1272,Calendar-Query
1273,Travel-Query
1274,Calendar-Query
1275,Music-Play
1276,FilmTele-Play
1277,FilmTele-Play
1278,HomeAppliance-Control
1279,Radio-Listen
1280,Calendar-Query
1281,Audio-Play
1282,Weather-Query
1283,FilmTele-Play
1284,FilmTele-Play
1285,Travel-Query
1286,Other
1287,Video-Play
1288,Calendar-Query
1289,FilmTele-Play
1290,HomeAppliance-Control
1291,Travel-Query
1292,HomeAppliance-Control
1293,Alarm-Update
1294,Video-Play
1295,Video-Play
1296,Music-Play
1297,Travel-Query
1298,FilmTele-Play
1299,FilmTele-Play
1300,FilmTele-Play
1301,Weather-Query
1302,Video-Play
1303,Weather-Query
1304,Video-Play
1305,TVProgram-Play
1306,Weather-Query
1307,FilmTele-Play
1308,TVProgram-Play
1309,FilmTele-Play
1310,FilmTele-Play
1311,TVProgram-Play
1312,HomeAppliance-Control
1313,Music-Play
1314,Music-Play
1315,FilmTele-Play
1316,Alarm-Update
1317,Travel-Query
1318,HomeAppliance-Control
1319,Travel-Query
1320,Alarm-Update
1321,Travel-Query
1322,HomeAppliance-Control
1323,Travel-Query
1324,Music-Play
1325,Audio-Play
1326,Radio-Listen
1327,FilmTele-Play
1328,HomeAppliance-Control
1329,Travel-Query
1330,Alarm-Update
1331,Travel-Query
1332,Weather-Query
1333,FilmTele-Play
1334,Music-Play
1335,FilmTele-Play
1336,Alarm-Update
1337,Travel-Query
1338,FilmTele-Play
1339,Calendar-Query
1340,Calendar-Query
1341,Travel-Query
1342,FilmTele-Play
1343,Music-Play
1344,TVProgram-Play
1345,FilmTele-Play
1346,Video-Play
1347,Video-Play
1348,HomeAppliance-Control
1349,Weather-Query
1350,TVProgram-Play
1351,FilmTele-Play
1352,Video-Play
1353,FilmTele-Play
1354,Weather-Query
1355,Weather-Query
1356,Travel-Query
1357,Calendar-Query
1358,FilmTele-Play
1359,Radio-Listen
1360,FilmTele-Play
1361,Alarm-Update
1362,Music-Play
1363,Video-Play
1364,HomeAppliance-Control
1365,TVProgram-Play
1366,FilmTele-Play
1367,Alarm-Update
1368,Video-Play
1369,FilmTele-Play
1370,Music-Play
1371,Travel-Query
1372,Weather-Query
1373,Radio-Listen
1374,Calendar-Query
1375,Music-Play
1376,Video-Play
1377,Travel-Query
1378,FilmTele-Play
1379,Music-Play
1380,Calendar-Query
1381,TVProgram-Play
1382,TVProgram-Play
1383,Calendar-Query
1384,Radio-Listen
1385,Music-Play
1386,Calendar-Query
1387,Music-Play
1388,HomeAppliance-Control
1389,Radio-Listen
1390,FilmTele-Play
1391,TVProgram-Play
1392,Alarm-Update
1393,Music-Play
1394,Travel-Query
1395,Travel-Query
1396,Video-Play
1397,FilmTele-Play
1398,Music-Play
1399,Calendar-Query
1400,Radio-Listen
1401,TVProgram-Play
1402,TVProgram-Play
1403,HomeAppliance-Control
1404,Video-Play
1405,FilmTele-Play
1406,FilmTele-Play
1407,Travel-Query
1408,HomeAppliance-Control
1409,FilmTele-Play
1410,Weather-Query
1411,Alarm-Update
1412,Calendar-Query
1413,FilmTele-Play
1414,Calendar-Query
1415,HomeAppliance-Control
1416,Alarm-Update
1417,Audio-Play
1418,Calendar-Query
1419,Alarm-Update
1420,FilmTele-Play
1421,Radio-Listen
1422,Radio-Listen
1423,Music-Play
1424,FilmTele-Play
1425,Audio-Play
1426,Weather-Query
1427,Alarm-Update
1428,Weather-Query
1429,Alarm-Update
1430,Travel-Query
1431,HomeAppliance-Control
1432,FilmTele-Play
1433,Weather-Query
1434,Radio-Listen
1435,Audio-Play
1436,Calendar-Query
1437,Video-Play
1438,FilmTele-Play
1439,Travel-Query
1440,Weather-Query
1441,FilmTele-Play
1442,Radio-Listen
1443,Radio-Listen
1444,Calendar-Query
1445,FilmTele-Play
1446,Music-Play
1447,Travel-Query
1448,FilmTele-Play
1449,FilmTele-Play
1450,FilmTele-Play
1451,Video-Play
1452,Radio-Listen
1453,Calendar-Query
1454,Calendar-Query
1455,Weather-Query
1456,FilmTele-Play
1457,Video-Play
1458,Radio-Listen
1459,Radio-Listen
1460,Video-Play
1461,HomeAppliance-Control
1462,Video-Play
1463,HomeAppliance-Control
1464,Music-Play
1465,FilmTele-Play
1466,Alarm-Update
1467,Audio-Play
1468,Calendar-Query
1469,Weather-Query
1470,FilmTele-Play
1471,Radio-Listen
1472,FilmTele-Play
1473,Music-Play
1474,HomeAppliance-Control
1475,Video-Play
1476,FilmTele-Play
1477,Radio-Listen
1478,Radio-Listen
1479,Travel-Query
1480,HomeAppliance-Control
1481,HomeAppliance-Control
1482,Radio-Listen
1483,FilmTele-Play
1484,Radio-Listen
1485,Music-Play
1486,Alarm-Update
1487,Travel-Query
1488,Weather-Query
1489,FilmTele-Play
1490,Music-Play
1491,FilmTele-Play
1492,Weather-Query
1493,Calendar-Query
1494,Calendar-Query
1495,Music-Play
1496,Video-Play
1497,Travel-Query
1498,Music-Play
1499,Video-Play
1500,Video-Play
1501,Travel-Query
1502,FilmTele-Play
1503,FilmTele-Play
1504,Calendar-Query
1505,Travel-Query
1506,Travel-Query
1507,Audio-Play
1508,TVProgram-Play
1509,Music-Play
1510,FilmTele-Play
1511,Alarm-Update
1512,FilmTele-Play
1513,Radio-Listen
1514,FilmTele-Play
1515,Weather-Query
1516,Weather-Query
1517,FilmTele-Play
1518,Alarm-Update
1519,Calendar-Query
1520,Travel-Query
1521,Weather-Query
1522,TVProgram-Play
1523,Calendar-Query
1524,Audio-Play
1525,Music-Play
1526,TVProgram-Play
1527,HomeAppliance-Control
1528,FilmTele-Play
1529,FilmTele-Play
1530,HomeAppliance-Control
1531,FilmTele-Play
1532,FilmTele-Play
1533,Video-Play
1534,TVProgram-Play
1535,Calendar-Query
1536,Calendar-Query
1537,TVProgram-Play
1538,Video-Play
1539,HomeAppliance-Control
1540,FilmTele-Play
1541,Calendar-Query
1542,FilmTele-Play
1543,FilmTele-Play
1544,Radio-Listen
1545,TVProgram-Play
1546,Radio-Listen
1547,TVProgram-Play
1548,Travel-Query
1549,Music-Play
1550,Music-Play
1551,Travel-Query
1552,Audio-Play
1553,HomeAppliance-Control
1554,Weather-Query
1555,Travel-Query
1556,Weather-Query
1557,Music-Play
1558,HomeAppliance-Control
1559,FilmTele-Play
1560,Video-Play
1561,Radio-Listen
1562,FilmTele-Play
1563,Weather-Query
1564,Alarm-Update
1565,Travel-Query
1566,FilmTele-Play
1567,FilmTele-Play
1568,HomeAppliance-Control
1569,Video-Play
1570,FilmTele-Play
1571,Travel-Query
1572,Video-Play
1573,Audio-Play
1574,TVProgram-Play
1575,Radio-Listen
1576,Travel-Query
1577,Audio-Play
1578,Music-Play
1579,Video-Play
1580,FilmTele-Play
1581,TVProgram-Play
1582,Other
1583,Calendar-Query
1584,Video-Play
1585,FilmTele-Play
1586,Weather-Query
1587,Music-Play
1588,Radio-Listen
1589,Weather-Query
1590,Radio-Listen
1591,Radio-Listen
1592,Calendar-Query
1593,HomeAppliance-Control
1594,Music-Play
1595,Alarm-Update
1596,Music-Play
1597,Radio-Listen
1598,FilmTele-Play
1599,Other
1600,Travel-Query
1601,Weather-Query
1602,Calendar-Query
1603,Radio-Listen
1604,TVProgram-Play
1605,Video-Play
1606,Travel-Query
1607,FilmTele-Play
1608,Travel-Query
1609,Alarm-Update
1610,Travel-Query
1611,HomeAppliance-Control
1612,HomeAppliance-Control
1613,Travel-Query
1614,Video-Play
1615,HomeAppliance-Control
1616,Radio-Listen
1617,HomeAppliance-Control
1618,Travel-Query
1619,Alarm-Update
1620,Music-Play
1621,Radio-Listen
1622,Video-Play
1623,Radio-Listen
1624,Radio-Listen
1625,Radio-Listen
1626,Video-Play
1627,Radio-Listen
1628,Calendar-Query
1629,Alarm-Update
1630,FilmTele-Play
1631,HomeAppliance-Control
1632,FilmTele-Play
1633,Alarm-Update
1634,HomeAppliance-Control
1635,Radio-Listen
1636,Music-Play
1637,FilmTele-Play
1638,Video-Play
1639,Video-Play
1640,Travel-Query
1641,Video-Play
1642,Travel-Query
1643,Audio-Play
1644,FilmTele-Play
1645,Radio-Listen
1646,TVProgram-Play
1647,FilmTele-Play
1648,Alarm-Update
1649,Calendar-Query
1650,Calendar-Query
1651,FilmTele-Play
1652,Video-Play
1653,Music-Play
1654,Audio-Play
1655,Radio-Listen
1656,Alarm-Update
1657,TVProgram-Play
1658,HomeAppliance-Control
1659,FilmTele-Play
1660,HomeAppliance-Control
1661,Radio-Listen
1662,Music-Play
1663,Alarm-Update
1664,Music-Play
1665,Video-Play
1666,FilmTele-Play
1667,Weather-Query
1668,Video-Play
1669,FilmTele-Play
1670,Calendar-Query
1671,FilmTele-Play
1672,Weather-Query
1673,FilmTele-Play
1674,Alarm-Update
1675,Alarm-Update
1676,Travel-Query
1677,Alarm-Update
1678,Alarm-Update
1679,Calendar-Query
1680,Alarm-Update
1681,HomeAppliance-Control
1682,FilmTele-Play
1683,Radio-Listen
1684,FilmTele-Play
1685,FilmTele-Play
1686,Calendar-Query
1687,Video-Play
1688,Weather-Query
1689,Radio-Listen
1690,FilmTele-Play
1691,Radio-Listen
1692,FilmTele-Play
1693,FilmTele-Play
1694,Radio-Listen
1695,Alarm-Update
1696,FilmTele-Play
1697,Travel-Query
1698,Radio-Listen
1699,Radio-Listen
1700,FilmTele-Play
1701,HomeAppliance-Control
1702,Calendar-Query
1703,TVProgram-Play
1704,FilmTele-Play
1705,Music-Play
1706,Weather-Query
1707,Alarm-Update
1708,Travel-Query
1709,Radio-Listen
1710,TVProgram-Play
1711,FilmTele-Play
1712,Calendar-Query
1713,Travel-Query
1714,Video-Play
1715,Audio-Play
1716,Weather-Query
1717,Weather-Query
1718,Music-Play
1719,Video-Play
1720,Alarm-Update
1721,Music-Play
1722,HomeAppliance-Control
1723,FilmTele-Play
1724,Video-Play
1725,HomeAppliance-Control
1726,Calendar-Query
1727,Calendar-Query
1728,FilmTele-Play
1729,Other
1730,Calendar-Query
1731,Weather-Query
1732,Weather-Query
1733,Alarm-Update
1734,Video-Play
1735,FilmTele-Play
1736,TVProgram-Play
1737,TVProgram-Play
1738,Travel-Query
1739,Travel-Query
1740,Weather-Query
1741,Radio-Listen
1742,Travel-Query
1743,Calendar-Query
1744,Alarm-Update
1745,HomeAppliance-Control
1746,FilmTele-Play
1747,Alarm-Update
1748,FilmTele-Play
1749,Video-Play
1750,Calendar-Query
1751,Music-Play
1752,FilmTele-Play
1753,FilmTele-Play
1754,Radio-Listen
1755,Calendar-Query
1756,Travel-Query
1757,Weather-Query
1758,Radio-Listen
1759,Video-Play
1760,Weather-Query
1761,FilmTele-Play
1762,FilmTele-Play
1763,HomeAppliance-Control
1764,Audio-Play
1765,Calendar-Query
1766,FilmTele-Play
1767,Alarm-Update
1768,Music-Play
1769,Travel-Query
1770,Audio-Play
1771,Video-Play
1772,Radio-Listen
1773,Radio-Listen
1774,Radio-Listen
1775,Video-Play
1776,Music-Play
1777,FilmTele-Play
1778,Video-Play
1779,HomeAppliance-Control
1780,TVProgram-Play
1781,Weather-Query
1782,HomeAppliance-Control
1783,Travel-Query
1784,Video-Play
1785,Travel-Query
1786,Travel-Query
1787,Alarm-Update
1788,Other
1789,FilmTele-Play
1790,Video-Play
1791,FilmTele-Play
1792,Music-Play
1793,FilmTele-Play
1794,Music-Play
1795,Other
1796,Music-Play
1797,FilmTele-Play
1798,HomeAppliance-Control
1799,HomeAppliance-Control
1800,Audio-Play
1801,Alarm-Update
1802,Audio-Play
1803,Calendar-Query
1804,FilmTele-Play
1805,Radio-Listen
1806,Calendar-Query
1807,Weather-Query
1808,Calendar-Query
1809,Radio-Listen
1810,HomeAppliance-Control
1811,Video-Play
1812,Travel-Query
1813,Alarm-Update
1814,Video-Play
1815,Calendar-Query
1816,FilmTele-Play
1817,Travel-Query
1818,Video-Play
1819,FilmTele-Play
1820,FilmTele-Play
1821,FilmTele-Play
1822,FilmTele-Play
1823,FilmTele-Play
1824,Music-Play
1825,FilmTele-Play
1826,Music-Play
1827,FilmTele-Play
1828,Alarm-Update
1829,FilmTele-Play
1830,Music-Play
1831,Travel-Query
1832,Travel-Query
1833,HomeAppliance-Control
1834,FilmTele-Play
1835,Video-Play
1836,Calendar-Query
1837,Weather-Query
1838,Radio-Listen
1839,Alarm-Update
1840,HomeAppliance-Control
1841,Radio-Listen
1842,FilmTele-Play
1843,Calendar-Query
1844,Weather-Query
1845,FilmTele-Play
1846,Audio-Play
1847,HomeAppliance-Control
1848,Weather-Query
1849,FilmTele-Play
1850,FilmTele-Play
1851,Travel-Query
1852,FilmTele-Play
1853,HomeAppliance-Control
1854,Travel-Query
1855,HomeAppliance-Control
1856,Calendar-Query
1857,Alarm-Update
1858,FilmTele-Play
1859,Audio-Play
1860,TVProgram-Play
1861,FilmTele-Play
1862,FilmTele-Play
1863,Travel-Query
1864,Radio-Listen
1865,Audio-Play
1866,Calendar-Query
1867,Radio-Listen
1868,Video-Play
1869,Alarm-Update
1870,Radio-Listen
1871,Radio-Listen
1872,TVProgram-Play
1873,Alarm-Update
1874,Music-Play
1875,Radio-Listen
1876,Radio-Listen
1877,Video-Play
1878,Alarm-Update
1879,Alarm-Update
1880,Music-Play
1881,Video-Play
1882,Music-Play
1883,Music-Play
1884,Video-Play
1885,FilmTele-Play
1886,Audio-Play
1887,FilmTele-Play
1888,Video-Play
1889,Audio-Play
1890,Weather-Query
1891,Calendar-Query
1892,FilmTele-Play
1893,Audio-Play
1894,Video-Play
1895,Music-Play
1896,FilmTele-Play
1897,Calendar-Query
1898,Travel-Query
1899,Weather-Query
1900,FilmTele-Play
1901,Alarm-Update
1902,Video-Play
1903,HomeAppliance-Control
1904,Calendar-Query
1905,Music-Play
1906,Travel-Query
1907,Calendar-Query
1908,HomeAppliance-Control
1909,Radio-Listen
1910,HomeAppliance-Control
1911,Other
1912,Radio-Listen
1913,Weather-Query
1914,FilmTele-Play
1915,Radio-Listen
1916,FilmTele-Play
1917,FilmTele-Play
1918,Music-Play
1919,Radio-Listen
1920,Calendar-Query
1921,FilmTele-Play
1922,Alarm-Update
1923,Radio-Listen
1924,HomeAppliance-Control
1925,Video-Play
1926,Audio-Play
1927,Audio-Play
1928,Audio-Play
1929,Weather-Query
1930,Calendar-Query
1931,Travel-Query
1932,Radio-Listen
1933,Music-Play
1934,Audio-Play
1935,Audio-Play
1936,Travel-Query
1937,FilmTele-Play
1938,Calendar-Query
1939,Travel-Query
1940,Weather-Query
1941,Other
1942,HomeAppliance-Control
1943,Audio-Play
1944,TVProgram-Play
1945,Weather-Query
1946,Video-Play
1947,Travel-Query
1948,Video-Play
1949,Music-Play
1950,Radio-Listen
1951,Music-Play
1952,Audio-Play
1953,HomeAppliance-Control
1954,HomeAppliance-Control
1955,Audio-Play
1956,Music-Play
1957,Weather-Query
1958,Travel-Query
1959,Music-Play
1960,Weather-Query
1961,Travel-Query
1962,HomeAppliance-Control
1963,Video-Play
1964,Alarm-Update
1965,Music-Play
1966,FilmTele-Play
1967,HomeAppliance-Control
1968,Travel-Query
1969,FilmTele-Play
1970,FilmTele-Play
1971,Audio-Play
1972,Video-Play
1973,Video-Play
1974,Alarm-Update
1975,Alarm-Update
1976,Audio-Play
1977,FilmTele-Play
1978,FilmTele-Play
1979,HomeAppliance-Control
1980,FilmTele-Play
1981,Video-Play
1982,HomeAppliance-Control
1983,Travel-Query
1984,Video-Play
1985,Travel-Query
1986,Audio-Play
1987,Travel-Query
1988,FilmTele-Play
1989,Radio-Listen
1990,Travel-Query
1991,Music-Play
1992,Video-Play
1993,Music-Play
1994,Travel-Query
1995,Radio-Listen
1996,TVProgram-Play
1997,Weather-Query
1998,FilmTele-Play
1999,Travel-Query
2000,Travel-Query
2001,Calendar-Query
2002,Weather-Query
2003,Music-Play
2004,HomeAppliance-Control
2005,Video-Play
2006,Calendar-Query
2007,Calendar-Query
2008,Video-Play
2009,Video-Play
2010,Weather-Query
2011,Weather-Query
2012,Alarm-Update
2013,HomeAppliance-Control
2014,Radio-Listen
2015,Video-Play
2016,FilmTele-Play
2017,Alarm-Update
2018,FilmTele-Play
2019,Radio-Listen
2020,Radio-Listen
2021,Alarm-Update
2022,HomeAppliance-Control
2023,Weather-Query
2024,FilmTele-Play
2025,Weather-Query
2026,FilmTele-Play
2027,Weather-Query
2028,FilmTele-Play
2029,Weather-Query
2030,Radio-Listen
2031,Travel-Query
2032,Weather-Query
2033,FilmTele-Play
2034,TVProgram-Play
2035,Alarm-Update
2036,FilmTele-Play
2037,Calendar-Query
2038,HomeAppliance-Control
2039,Travel-Query
2040,Radio-Listen
2041,Calendar-Query
2042,Alarm-Update
2043,Calendar-Query
2044,Calendar-Query
2045,Weather-Query
2046,HomeAppliance-Control
2047,Video-Play
2048,FilmTele-Play
2049,Music-Play
2050,TVProgram-Play
2051,Weather-Query
2052,HomeAppliance-Control
2053,Video-Play
2054,HomeAppliance-Control
2055,Calendar-Query
2056,Weather-Query
2057,Music-Play
2058,FilmTele-Play
2059,Video-Play
2060,HomeAppliance-Control
2061,TVProgram-Play
2062,Weather-Query
2063,FilmTele-Play
2064,Music-Play
2065,Travel-Query
2066,FilmTele-Play
2067,Video-Play
2068,Alarm-Update
2069,HomeAppliance-Control
2070,Music-Play
2071,FilmTele-Play
2072,Audio-Play
2073,FilmTele-Play
2074,FilmTele-Play
2075,Calendar-Query
2076,FilmTele-Play
2077,Calendar-Query
2078,Video-Play
2079,Radio-Listen
2080,Calendar-Query
2081,Music-Play
2082,Alarm-Update
2083,HomeAppliance-Control
2084,Travel-Query
2085,FilmTele-Play
2086,Radio-Listen
2087,Alarm-Update
2088,FilmTele-Play
2089,Alarm-Update
2090,Calendar-Query
2091,Audio-Play
2092,Weather-Query
2093,Travel-Query
2094,Music-Play
2095,Radio-Listen
2096,Calendar-Query
2097,Radio-Listen
2098,Radio-Listen
2099,Alarm-Update
2100,Music-Play
2101,HomeAppliance-Control
2102,Music-Play
2103,Radio-Listen
2104,Alarm-Update
2105,Other
2106,Radio-Listen
2107,FilmTele-Play
2108,Audio-Play
2109,Weather-Query
2110,FilmTele-Play
2111,FilmTele-Play
2112,Weather-Query
2113,Audio-Play
2114,FilmTele-Play
2115,Travel-Query
2116,FilmTele-Play
2117,Video-Play
2118,FilmTele-Play
2119,HomeAppliance-Control
2120,FilmTele-Play
2121,Radio-Listen
2122,TVProgram-Play
2123,FilmTele-Play
2124,Music-Play
2125,TVProgram-Play
2126,Alarm-Update
2127,FilmTele-Play
2128,Calendar-Query
2129,Music-Play
2130,Calendar-Query
2131,Travel-Query
2132,FilmTele-Play
2133,HomeAppliance-Control
2134,Audio-Play
2135,Audio-Play
2136,Travel-Query
2137,FilmTele-Play
2138,Music-Play
2139,Music-Play
2140,Radio-Listen
2141,Video-Play
2142,Alarm-Update
2143,TVProgram-Play
2144,Alarm-Update
2145,Calendar-Query
2146,Travel-Query
2147,Weather-Query
2148,FilmTele-Play
2149,FilmTele-Play
2150,Calendar-Query
2151,Calendar-Query
2152,Music-Play
2153,Video-Play
2154,Music-Play
2155,Travel-Query
2156,Audio-Play
2157,Calendar-Query
2158,Travel-Query
2159,FilmTele-Play
2160,HomeAppliance-Control
2161,Calendar-Query
2162,Calendar-Query
2163,Video-Play
2164,Radio-Listen
2165,FilmTele-Play
2166,Weather-Query
2167,Radio-Listen
2168,Radio-Listen
2169,Radio-Listen
2170,Weather-Query
2171,FilmTele-Play
2172,Radio-Listen
2173,TVProgram-Play
2174,Weather-Query
2175,Travel-Query
2176,Alarm-Update
2177,Audio-Play
2178,FilmTele-Play
2179,Video-Play
2180,HomeAppliance-Control
2181,Video-Play
2182,Travel-Query
2183,Weather-Query
2184,Music-Play
2185,Travel-Query
2186,Video-Play
2187,TVProgram-Play
2188,Video-Play
2189,Alarm-Update
2190,Video-Play
2191,Weather-Query
2192,Radio-Listen
2193,FilmTele-Play
2194,Audio-Play
2195,TVProgram-Play
2196,Travel-Query
2197,HomeAppliance-Control
2198,FilmTele-Play
2199,Video-Play
2200,FilmTele-Play
2201,Video-Play
2202,FilmTele-Play
2203,Weather-Query
2204,Travel-Query
2205,Audio-Play
2206,Travel-Query
2207,Travel-Query
2208,Radio-Listen
2209,Audio-Play
2210,Travel-Query
2211,TVProgram-Play
2212,Travel-Query
2213,Alarm-Update
2214,Travel-Query
2215,FilmTele-Play
2216,Weather-Query
2217,Video-Play
2218,Weather-Query
2219,Video-Play
2220,Video-Play
2221,Music-Play
2222,Travel-Query
2223,Video-Play
2224,Video-Play
2225,HomeAppliance-Control
2226,Alarm-Update
2227,TVProgram-Play
2228,TVProgram-Play
2229,Calendar-Query
2230,Audio-Play
2231,Music-Play
2232,FilmTele-Play
2233,Travel-Query
2234,Music-Play
2235,Other
2236,Music-Play
2237,Radio-Listen
2238,Travel-Query
2239,FilmTele-Play
2240,Other
2241,Alarm-Update
2242,Weather-Query
2243,Audio-Play
2244,Weather-Query
2245,Radio-Listen
2246,HomeAppliance-Control
2247,FilmTele-Play
2248,FilmTele-Play
2249,Travel-Query
2250,FilmTele-Play
2251,Alarm-Update
2252,HomeAppliance-Control
2253,FilmTele-Play
2254,Video-Play
2255,Travel-Query
2256,FilmTele-Play
2257,Audio-Play
2258,Music-Play
2259,HomeAppliance-Control
2260,Video-Play
2261,Video-Play
2262,FilmTele-Play
2263,TVProgram-Play
2264,Music-Play
2265,Radio-Listen
2266,HomeAppliance-Control
2267,Video-Play
2268,Calendar-Query
2269,Other
2270,Video-Play
2271,Music-Play
2272,Radio-Listen
2273,HomeAppliance-Control
2274,FilmTele-Play
2275,Other
2276,Calendar-Query
2277,FilmTele-Play
2278,Music-Play
2279,FilmTele-Play
2280,Calendar-Query
2281,FilmTele-Play
2282,HomeAppliance-Control
2283,FilmTele-Play
2284,Video-Play
2285,Music-Play
2286,FilmTele-Play
2287,Alarm-Update
2288,Video-Play
2289,Calendar-Query
2290,Video-Play
2291,Calendar-Query
2292,HomeAppliance-Control
2293,FilmTele-Play
2294,FilmTele-Play
2295,Music-Play
2296,Video-Play
2297,Calendar-Query
2298,TVProgram-Play
2299,Music-Play
2300,FilmTele-Play
2301,Music-Play
2302,Travel-Query
2303,Weather-Query
2304,TVProgram-Play
2305,FilmTele-Play
2306,FilmTele-Play
2307,Radio-Listen
2308,Audio-Play
2309,Weather-Query
2310,Video-Play
2311,Music-Play
2312,FilmTele-Play
2313,FilmTele-Play
2314,Weather-Query
2315,FilmTele-Play
2316,Music-Play
2317,Music-Play
2318,HomeAppliance-Control
2319,Alarm-Update
2320,Video-Play
2321,FilmTele-Play
2322,Music-Play
2323,FilmTele-Play
2324,Travel-Query
2325,Travel-Query
2326,Music-Play
2327,FilmTele-Play
2328,Music-Play
2329,Audio-Play
2330,Travel-Query
2331,Travel-Query
2332,Music-Play
2333,FilmTele-Play
2334,Radio-Listen
2335,Travel-Query
2336,Video-Play
2337,HomeAppliance-Control
2338,Audio-Play
2339,Travel-Query
2340,TVProgram-Play
2341,Audio-Play
2342,FilmTele-Play
2343,Calendar-Query
2344,Calendar-Query
2345,Calendar-Query
2346,Music-Play
2347,Audio-Play
2348,Alarm-Update
2349,Weather-Query
2350,Calendar-Query
2351,Radio-Listen
2352,HomeAppliance-Control
2353,Weather-Query
2354,Audio-Play
2355,Calendar-Query
2356,Alarm-Update
2357,HomeAppliance-Control
2358,TVProgram-Play
2359,Radio-Listen
2360,Video-Play
2361,Video-Play
2362,Music-Play
2363,Weather-Query
2364,Video-Play
2365,TVProgram-Play
2366,Travel-Query
2367,TVProgram-Play
2368,Radio-Listen
2369,Music-Play
2370,Radio-Listen
2371,FilmTele-Play
2372,Audio-Play
2373,FilmTele-Play
2374,Music-Play
2375,Video-Play
2376,Music-Play
2377,Radio-Listen
2378,FilmTele-Play
2379,TVProgram-Play
2380,Alarm-Update
2381,HomeAppliance-Control
2382,Weather-Query
2383,Travel-Query
2384,FilmTele-Play
2385,FilmTele-Play
2386,Alarm-Update
2387,Radio-Listen
2388,Alarm-Update
2389,Audio-Play
2390,Other
2391,Weather-Query
2392,Music-Play
2393,Video-Play
2394,TVProgram-Play
2395,Travel-Query
2396,Weather-Query
2397,FilmTele-Play
2398,Alarm-Update
2399,Calendar-Query
2400,Weather-Query
2401,Music-Play
2402,FilmTele-Play
2403,Video-Play
2404,HomeAppliance-Control
2405,HomeAppliance-Control
2406,Calendar-Query
2407,Music-Play
2408,Weather-Query
2409,FilmTele-Play
2410,Alarm-Update
2411,FilmTele-Play
2412,FilmTele-Play
2413,Music-Play
2414,Calendar-Query
2415,FilmTele-Play
2416,TVProgram-Play
2417,Travel-Query
2418,FilmTele-Play
2419,Radio-Listen
2420,Travel-Query
2421,FilmTele-Play
2422,Audio-Play
2423,Radio-Listen
2424,Alarm-Update
2425,Weather-Query
2426,Radio-Listen
2427,Calendar-Query
2428,HomeAppliance-Control
2429,Calendar-Query
2430,HomeAppliance-Control
2431,FilmTele-Play
2432,FilmTele-Play
2433,Alarm-Update
2434,Video-Play
2435,Travel-Query
2436,FilmTele-Play
2437,FilmTele-Play
2438,Travel-Query
2439,HomeAppliance-Control
2440,HomeAppliance-Control
2441,Travel-Query
2442,FilmTele-Play
2443,Music-Play
2444,HomeAppliance-Control
2445,Video-Play
2446,Travel-Query
2447,Weather-Query
2448,Alarm-Update
2449,Alarm-Update
2450,Music-Play
2451,Other
2452,Travel-Query
2453,HomeAppliance-Control
2454,Weather-Query
2455,Calendar-Query
2456,Other
2457,FilmTele-Play
2458,TVProgram-Play
2459,Weather-Query
2460,FilmTele-Play
2461,Video-Play
2462,FilmTele-Play
2463,Video-Play
2464,Radio-Listen
2465,Calendar-Query
2466,HomeAppliance-Control
2467,Calendar-Query
2468,FilmTele-Play
2469,Music-Play
2470,Radio-Listen
2471,Music-Play
2472,Video-Play
2473,Travel-Query
2474,Alarm-Update
2475,Calendar-Query
2476,FilmTele-Play
2477,Radio-Listen
2478,Video-Play
2479,FilmTele-Play
2480,Travel-Query
2481,Radio-Listen
2482,Audio-Play
2483,Travel-Query
2484,Audio-Play
2485,Music-Play
2486,Video-Play
2487,Video-Play
2488,FilmTele-Play
2489,FilmTele-Play
2490,Music-Play
2491,Audio-Play
2492,Calendar-Query
2493,Calendar-Query
2494,Alarm-Update
2495,Radio-Listen
2496,Calendar-Query
2497,Alarm-Update
2498,Music-Play
2499,Travel-Query
2500,FilmTele-Play
2501,TVProgram-Play
2502,Music-Play
2503,FilmTele-Play
2504,FilmTele-Play
2505,FilmTele-Play
2506,Video-Play
2507,Radio-Listen
2508,FilmTele-Play
2509,FilmTele-Play
2510,FilmTele-Play
2511,Audio-Play
2512,Video-Play
2513,Weather-Query
2514,FilmTele-Play
2515,Music-Play
2516,Video-Play
2517,Weather-Query
2518,TVProgram-Play
2519,Video-Play
2520,Weather-Query
2521,Radio-Listen
2522,FilmTele-Play
2523,HomeAppliance-Control
2524,HomeAppliance-Control
2525,HomeAppliance-Control
2526,Music-Play
2527,HomeAppliance-Control
2528,Music-Play
2529,Weather-Query
2530,Alarm-Update
2531,TVProgram-Play
2532,Music-Play
2533,Alarm-Update
2534,Weather-Query
2535,FilmTele-Play
2536,Other
2537,FilmTele-Play
2538,Music-Play
2539,Calendar-Query
2540,Audio-Play
2541,Radio-Listen
2542,HomeAppliance-Control
2543,Video-Play
2544,Travel-Query
2545,Audio-Play
2546,FilmTele-Play
2547,FilmTele-Play
2548,HomeAppliance-Control
2549,FilmTele-Play
2550,Weather-Query
2551,Alarm-Update
2552,TVProgram-Play
2553,Music-Play
2554,TVProgram-Play
2555,FilmTele-Play
2556,Calendar-Query
2557,Calendar-Query
2558,FilmTele-Play
2559,Music-Play
2560,Weather-Query
2561,Other
2562,Travel-Query
2563,Weather-Query
2564,HomeAppliance-Control
2565,FilmTele-Play
2566,TVProgram-Play
2567,FilmTele-Play
2568,FilmTele-Play
2569,FilmTele-Play
2570,Travel-Query
2571,Radio-Listen
2572,FilmTele-Play
2573,FilmTele-Play
2574,Video-Play
2575,TVProgram-Play
2576,FilmTele-Play
2577,TVProgram-Play
2578,Radio-Listen
2579,Video-Play
2580,Music-Play
2581,Video-Play
2582,Weather-Query
2583,Video-Play
2584,Weather-Query
2585,Music-Play
2586,Weather-Query
2587,Travel-Query
2588,HomeAppliance-Control
2589,Audio-Play
2590,Calendar-Query
2591,TVProgram-Play
2592,FilmTele-Play
2593,FilmTele-Play
2594,Alarm-Update
2595,FilmTele-Play
2596,Calendar-Query
2597,Radio-Listen
2598,Calendar-Query
2599,Calendar-Query
2600,Music-Play
2601,Radio-Listen
2602,Travel-Query
2603,Weather-Query
2604,Video-Play
2605,Travel-Query
2606,HomeAppliance-Control
2607,Video-Play
2608,FilmTele-Play
2609,FilmTele-Play
2610,FilmTele-Play
2611,Music-Play
2612,FilmTele-Play
2613,FilmTele-Play
2614,Radio-Listen
2615,Audio-Play
2616,Calendar-Query
2617,FilmTele-Play
2618,FilmTele-Play
2619,Weather-Query
2620,Alarm-Update
2621,Radio-Listen
2622,Video-Play
2623,FilmTele-Play
2624,TVProgram-Play
2625,FilmTele-Play
2626,Video-Play
2627,FilmTele-Play
2628,Music-Play
2629,Travel-Query
2630,FilmTele-Play
2631,Alarm-Update
2632,Music-Play
2633,Calendar-Query
2634,Alarm-Update
2635,FilmTele-Play
2636,Video-Play
2637,HomeAppliance-Control
2638,FilmTele-Play
2639,Calendar-Query
2640,Music-Play
2641,Video-Play
2642,FilmTele-Play
2643,FilmTele-Play
2644,Radio-Listen
2645,FilmTele-Play
2646,Music-Play
2647,Radio-Listen
2648,Calendar-Query
2649,HomeAppliance-Control
2650,Radio-Listen
2651,Music-Play
2652,Weather-Query
2653,Alarm-Update
2654,Calendar-Query
2655,Travel-Query
2656,Alarm-Update
2657,Weather-Query
2658,Travel-Query
2659,FilmTele-Play
2660,TVProgram-Play
2661,Travel-Query
2662,Travel-Query
2663,Audio-Play
2664,Weather-Query
2665,Weather-Query
2666,HomeAppliance-Control
2667,FilmTele-Play
2668,FilmTele-Play
2669,TVProgram-Play
2670,Radio-Listen
2671,Alarm-Update
2672,Alarm-Update
2673,Weather-Query
2674,Video-Play
2675,FilmTele-Play
2676,Video-Play
2677,FilmTele-Play
2678,FilmTele-Play
2679,Radio-Listen
2680,FilmTele-Play
2681,Weather-Query
2682,Music-Play
2683,Weather-Query
2684,Alarm-Update
2685,TVProgram-Play
2686,Music-Play
2687,Calendar-Query
2688,Radio-Listen
2689,Music-Play
2690,Weather-Query
2691,Weather-Query
2692,Calendar-Query
2693,FilmTele-Play
2694,Travel-Query
2695,HomeAppliance-Control
2696,Alarm-Update
2697,FilmTele-Play
2698,Weather-Query
2699,FilmTele-Play
2700,Music-Play
2701,Alarm-Update
2702,Video-Play
2703,Travel-Query
2704,Calendar-Query
2705,Video-Play
2706,Music-Play
2707,FilmTele-Play
2708,FilmTele-Play
2709,Music-Play
2710,FilmTele-Play
2711,Weather-Query
2712,Radio-Listen
2713,Calendar-Query
2714,Weather-Query
2715,Music-Play
2716,Travel-Query
2717,FilmTele-Play
2718,FilmTele-Play
2719,FilmTele-Play
2720,Audio-Play
2721,FilmTele-Play
2722,Radio-Listen
2723,Music-Play
2724,Weather-Query
2725,Calendar-Query
2726,TVProgram-Play
2727,HomeAppliance-Control
2728,FilmTele-Play
2729,HomeAppliance-Control
2730,Music-Play
2731,Music-Play
2732,FilmTele-Play
2733,Music-Play
2734,Video-Play
2735,Audio-Play
2736,Alarm-Update
2737,FilmTele-Play
2738,FilmTele-Play
2739,FilmTele-Play
2740,FilmTele-Play
2741,Travel-Query
2742,FilmTele-Play
2743,Video-Play
2744,Travel-Query
2745,Radio-Listen
2746,Music-Play
2747,Video-Play
2748,Audio-Play
2749,HomeAppliance-Control
2750,HomeAppliance-Control
2751,Video-Play
2752,Weather-Query
2753,Weather-Query
2754,Radio-Listen
2755,FilmTele-Play
2756,Music-Play
2757,Radio-Listen
2758,Radio-Listen
2759,Alarm-Update
2760,Travel-Query
2761,Calendar-Query
2762,Video-Play
2763,Calendar-Query
2764,Weather-Query
2765,Travel-Query
2766,FilmTele-Play
2767,TVProgram-Play
2768,Video-Play
2769,Travel-Query
2770,Other
2771,Travel-Query
2772,Alarm-Update
2773,Radio-Listen
2774,Weather-Query
2775,Video-Play
2776,Radio-Listen
2777,Video-Play
2778,Music-Play
2779,Alarm-Update
2780,Weather-Query
2781,Weather-Query
2782,Audio-Play
2783,Radio-Listen
2784,Audio-Play
2785,Travel-Query
2786,FilmTele-Play
2787,Travel-Query
2788,Music-Play
2789,Video-Play
2790,FilmTele-Play
2791,Audio-Play
2792,FilmTele-Play
2793,Music-Play
2794,Alarm-Update
2795,Radio-Listen
2796,FilmTele-Play
2797,Alarm-Update
2798,Calendar-Query
2799,Calendar-Query
2800,Radio-Listen
2801,Travel-Query
2802,FilmTele-Play
2803,Calendar-Query
2804,Video-Play
2805,Video-Play
2806,Video-Play
2807,Audio-Play
2808,Radio-Listen
2809,FilmTele-Play
2810,Weather-Query
2811,Weather-Query
2812,Alarm-Update
2813,FilmTele-Play
2814,FilmTele-Play
2815,Music-Play
2816,FilmTele-Play
2817,HomeAppliance-Control
2818,FilmTele-Play
2819,HomeAppliance-Control
2820,Weather-Query
2821,Radio-Listen
2822,Weather-Query
2823,Music-Play
2824,Weather-Query
2825,FilmTele-Play
2826,Weather-Query
2827,Calendar-Query
2828,Alarm-Update
2829,Video-Play
2830,Alarm-Update
2831,Music-Play
2832,FilmTele-Play
2833,HomeAppliance-Control
2834,Weather-Query
2835,FilmTele-Play
2836,Radio-Listen
2837,FilmTele-Play
2838,FilmTele-Play
2839,Music-Play
2840,TVProgram-Play
2841,FilmTele-Play
2842,FilmTele-Play
2843,Music-Play
2844,Travel-Query
2845,Weather-Query
2846,Weather-Query
2847,Weather-Query
2848,FilmTele-Play
2849,Audio-Play
2850,Travel-Query
2851,Calendar-Query
2852,FilmTele-Play
2853,Calendar-Query
2854,FilmTele-Play
2855,FilmTele-Play
2856,Calendar-Query
2857,Audio-Play
2858,HomeAppliance-Control
2859,Radio-Listen
2860,TVProgram-Play
2861,FilmTele-Play
2862,Alarm-Update
2863,Calendar-Query
2864,Radio-Listen
2865,Video-Play
2866,Video-Play
2867,Calendar-Query
2868,Calendar-Query
2869,FilmTele-Play
2870,Travel-Query
2871,FilmTele-Play
2872,Alarm-Update
2873,FilmTele-Play
2874,Travel-Query
2875,Radio-Listen
2876,HomeAppliance-Control
2877,Video-Play
2878,Weather-Query
2879,Radio-Listen
2880,Music-Play
2881,Radio-Listen
2882,Travel-Query
2883,Music-Play
2884,FilmTele-Play
2885,FilmTele-Play
2886,Video-Play
2887,FilmTele-Play
2888,Video-Play
2889,FilmTele-Play
2890,Music-Play
2891,Video-Play
2892,FilmTele-Play
2893,HomeAppliance-Control
2894,Travel-Query
2895,Radio-Listen
2896,Radio-Listen
2897,FilmTele-Play
2898,Video-Play
2899,Video-Play
2900,Radio-Listen
2901,Radio-Listen
2902,Travel-Query
2903,HomeAppliance-Control
2904,Alarm-Update
2905,Travel-Query
2906,Travel-Query
2907,Music-Play
2908,HomeAppliance-Control
2909,Radio-Listen
2910,Calendar-Query
2911,Weather-Query
2912,Alarm-Update
2913,Alarm-Update
2914,FilmTele-Play
2915,FilmTele-Play
2916,FilmTele-Play
2917,Travel-Query
2918,Travel-Query
2919,HomeAppliance-Control
2920,Radio-Listen
2921,FilmTele-Play
2922,Radio-Listen
2923,Travel-Query
2924,Weather-Query
2925,Weather-Query
2926,Video-Play
2927,TVProgram-Play
2928,FilmTele-Play
2929,FilmTele-Play
2930,Radio-Listen
2931,Radio-Listen
2932,Alarm-Update
2933,Weather-Query
2934,Radio-Listen
2935,TVProgram-Play
2936,Calendar-Query
2937,HomeAppliance-Control
2938,Weather-Query
2939,Travel-Query
2940,Video-Play
2941,Music-Play
2942,Calendar-Query
2943,Music-Play
2944,Alarm-Update
2945,Travel-Query
2946,HomeAppliance-Control
2947,Other
2948,Weather-Query
2949,Weather-Query
2950,Video-Play
2951,HomeAppliance-Control
2952,FilmTele-Play
2953,FilmTele-Play
2954,FilmTele-Play
2955,Music-Play
2956,Weather-Query
2957,Weather-Query
2958,Travel-Query
2959,Weather-Query
2960,Video-Play
2961,FilmTele-Play
2962,Radio-Listen
2963,Calendar-Query
2964,Radio-Listen
2965,Radio-Listen
2966,Music-Play
2967,Video-Play
2968,FilmTele-Play
2969,Music-Play
2970,TVProgram-Play
2971,Video-Play
2972,Alarm-Update
2973,FilmTele-Play
2974,Video-Play
2975,Weather-Query
2976,FilmTele-Play
2977,Audio-Play
2978,FilmTele-Play
2979,Alarm-Update
2980,FilmTele-Play
2981,TVProgram-Play
2982,Audio-Play
2983,FilmTele-Play
2984,Alarm-Update
2985,FilmTele-Play
2986,HomeAppliance-Control
2987,Radio-Listen
2988,Travel-Query
2989,Radio-Listen
2990,Video-Play
2991,Music-Play
2992,Audio-Play
2993,Alarm-Update
2994,Alarm-Update
2995,Music-Play
2996,Alarm-Update
2997,Music-Play
2998,Video-Play
2999,Weather-Query
